样本索引,文本,标注标签,情感得分,是否噪声,噪声类型
34,虽然不值钱但是但是你们发货时还是把货物和包装盒固定好，收到坐脚的焊接点都掉了有啥用！,0.0,1,True,正向文本标负向
45,不保温，用起也不方便,0.0,1,True,正向文本标负向
48,穿过几次了不掉色，很修身的。就是有点贵。,1.0,-1,True,负向文本标正向
52,镜片太厚，同样度数比原来的镜片翻了一倍厚，镜片折光厉害，戴上感觉镜片四周有光圈围绕，左右不对称，戴上没几分钟眼睛就特别疲劳，店家还说多适应适应就好了，这比第一次戴上眼镜的时候还难适应好不！！！！,0.0,2,True,正向文本标负向
64,东西一到，打开包装看到里面的裤子，，好不犹豫马上甩掉，，很丑而且点都不好看   你们不信可以搞一下,0.0,1,True,正向文本标负向
67,不是正品，特干，不匀，不舒服，跟韩国买的一点都不一样！！不要买,0.0,1,True,正向文本标负向
69,拿到就是坏的一半的不亮了。。希望朋友们别再买这家的东西了，就一个字坑,1.0,-2,True,负向文本标正向
70,要求开发票，没给开，备注时告诉卖家是男士赠品注意颜色还是没有注意。鞋看着像是真的，总体购物体验很难说满意。,0.0,1,True,正向文本标负向
81,衣服款式还行～颜色跟图片上的不一样～发给我的货颜色太兰了～没这图片颜色好～衣服兜也太小了～,0.0,1,True,正向文本标负向
104,13年产呢，盒子有点坏了，不过用着感觉没有大问题就没换了。,1.0,-1,True,负向文本标正向
124,   收到货后，仔细观察发现，表盘内部有很多脏脏的指纹，还有看到别人的晒图中，盒子都封条贴好的，我收到的货没有封条，还有打开后说明书皮上也很脏，，客服帮忙解释一下原因。。。。,0.0,1,True,正向文本标负向
148,鞋子样子跟图片一样，就是走路不稳，鞋跟晃的，穿了一段时间大拇指下面都掉色了。走路时间长了很累，不满意！,0.0,1,True,正向文本标负向
169,穿着不舒服。。,0.0,1,True,正向文本标负向
174,介绍很好、把关很差，音质一般下、图像模糊、特别是4碟中有1碟明显是费品也夹在中间，发照片后沟通卖家，要求把费碟寄去，因为商家知道、几十元东西一般买家是不会化精力去退来换去搞、所以嘛：以后购物也不要迷信京东了，现在`京东林子大了，什么鸟照样也有，和其它网站也差不多，呵呵！,0.0,1,True,正向文本标负向
175,很糟糕吧 没有想得到打孔器的问题到现在还不能用 有点坑,1.0,-2,True,负向文本标正向
195,骗人没给我  坑人的,1.0,-1,True,负向文本标正向
208,呵呵 看看这奇葩造型 我tm真无语了 没见过这个吗奇葩的设计 居然旋转不了 谁设计的站出来 我要打死他 行 占点地方 支棱八翘的对付用我忍了 看看功能吧 插上 刚装上光盘驱动 xp系统下重启居然进不了系统 呵呵呵呵呵呵 呵呵 好 还有比这个还烂的么？,0.0,1,True,正向文本标负向
215,三免一买的质量真不咋的，没有前两套好，原价还比前两套要贵。除了外面那件红挂还满意其它都不满意。,0.0,3,True,正向文本标负向
223,不怎么好，调试太差了,0.0,1,True,正向文本标负向
231,油烟机和燃气灶品质都不错，客服也挺耐心，9月10日报装，隔了几日来了个老板级安装师傅，师傅工作利落、身不染尘、一习喝茶衣衫工具都不用带一只，凭借多年实体店安装经验，拆箱便郑重告之安装不了，刹有风度的拍了厨房照报志与他的上级，然后驾车而去。师傅健谈，住房结构、厨房空间也没能提供一处便利于师傅，很是抱歉。知国庆期间公司肯定很忙，便自借工具与朋友二人才给老妈装好，娱快的试过了一个假期。,0.0,1,True,正向文本标负向
258,不满意的一次购物，字布都不清楚，特价难道就是买质量有瑕疵的商品么,0.0,1,True,正向文本标负向
259,不怎样，放了热水明显外玻璃发烫，看来非真空，保温效果也不咋的，还有就是漏水，除非使劲拧紧盖子，这哪像英国品牌的产品，价格还奇贵，不推荐。失败的一次购物。,0.0,1,True,正向文本标负向
269,一点也不满意，我都退货有半个月了，也没有退款的消息。而且打电话关机，发消息不回。这家店怎么做生意的？,0.0,1,True,正向文本标负向
282,不太满意，单鞋不值这个价,0.0,1,True,正向文本标负向
286,最不满意的一次购物，还买了份送人。外壳严重压变形。里面的书连侧面连包都没有包浆。,0.0,1,True,正向文本标负向
306,还可以，就是物流太慢啦，物体还有一些损坏，不过还能用。不推换了，麻烦,1.0,-1,True,负向文本标正向
307,坚持穿还是有效果的，不过我还是觉得麻烦，后来没有使用了。,1.0,-1,True,负向文本标正向
319,好细啊，果然不是很好,0.0,1,True,正向文本标负向
328,用着很方便起坐板及钢架很结实耐用，缺点亚玲太小，拳击球是充气的太轻打着没感觉,0.0,2,True,正向文本标负向
354,还可以，就是质量不想像中好,0.0,1,True,正向文本标负向
358,一般般啦，价格不是很好,0.0,1,True,正向文本标负向
362,感觉有点贵了，用用看吧,1.0,-1,True,负向文本标正向
434,这个鞋穿起来不舒服 磨脚 质地太硬了,0.0,1,True,正向文本标负向
435,还凑合吧   弹性有点差,1.0,-1,True,负向文本标正向
441,东西很差劲，穿着很不舒服，还痒，洗一次脱一次色，客服的态度还拽的跟二百五一样，要求退货还直接不理人,0.0,1,True,正向文本标负向
445,买前想清楚，千万别买了不想要，好tm难退，客服直接不理你，不然就是一直推，不确定要就千万别买。,0.0,1,True,正向文本标负向
462,不是很好，颜色和照片上差异很大&hellip;,0.0,1,True,正向文本标负向
482,不错，打羽毛球挺好,0.0,1,True,正向文本标负向
484,好难吃。。。一股怪味,0.0,1,True,正向文本标负向
489,可以的  但是不实用,0.0,1,True,正向文本标负向
493,不是怎么好，给个两星吧,0.0,1,True,正向文本标负向
531,一般吧，穿上看上好别扭,0.0,1,True,正向文本标负向
555,虽然有点用，但价格太高（对本书而言）。最多值10来块钱，太不值了。该价格严重不推荐购买。,0.0,1,True,正向文本标负向
566,超难看，直桶的，而且还很大，完全不修身，穿着特别的不舒服，难看的要死，被照片欺骗了，以后再也不买这家店的了，慎重啊。,0.0,1,True,正向文本标负向
585,衣服刚收到，没想象中那么好，包装太次,0.0,1,True,正向文本标负向
620,一个人唱的，听得快睡着了，真心不推荐购买,0.0,1,True,正向文本标负向
634,不太满意，还有百分20电就关机，还黑屏,0.0,1,True,正向文本标负向
635,东西很一般的，京东配送人员服务态度好。,0.0,1,True,正向文本标负向
636,京东的货，应该是正版 记得有一次，我独自一人出来逛街。逛了大半天，什么也没有买到，不是东西不合适，就是价格太高，就在我准备两手空空打道回府的时候，无意中发现前方不远处有一个卖小百货的商店，走上前去一看，商店里面正挂着一些极其精致漂亮的背包，那时为了不至于两手空空回去，我总想凑合着买点东西，经过一番讨价还价，便商定了价格，付了钱之后，我正准备拿起我相中的背包离开的时候，无意中发现背包上有一根拉链坏了，于是我又重新挑选了一个，正要转身离开，那店主居然耍赖说我还没有付钱，硬拉着要我付钱，还说什么谁能证明你付了钱呢？没办法，我是自己一个人去的，旁边又没有其它顾客，谁能证明呢？天晓得。我辩不过她，只好愤愤不平地两手空空回去了。从那以后，我吃一堑，长一智，我就常常到网上购物了。好了，我现在来说说这本书的观感吧，一个人重要的是找到自己的腔调，不论说话还是写字。腔调一旦确立，就好比打架有了块趁手的板砖，怎么使怎么顺手，怎么拍怎么有劲，顺带着身体姿态也挥洒自如，打架简直成了舞蹈，兼有了美感和韵味。要论到写字，腔调甚至先于主题，它是一个人特有的形式，或者工具；不这么说，不这么写，就会别扭；工欲善其事，必先利其器，腔调有时候就是&ldquo;器&rdquo;，有时候又是&ldquo;事&rdquo;，对一篇文章或者一本书来说，器就是事，事就是器。这本书，的确是用他特有的腔调表达了对&ldquo;腔调&rdquo;本身的赞美。|好大一本书，是正版!各种不错!只是插图太多，有占篇符之嫌。故事很精彩，女儿很喜欢。书写的不错，能消除人的心瘾。目前已经戒烟第三天了，书拿到手挺有分量的，包装完好。还会继续来，一直就想买这本书，太谢谢京东了，发货神速，两天就到了，超给力的！5分！了解京东：2013年3月30日晚间，京东商城正式将原域名360buy更换为jd，并同步推出名为&ldquo;joy&rdquo;的吉祥物形象，其首页也进行了一定程度改版。此外，用户在输入jingdong域名后，网页也自动跳转至jd。对于更换域名，京东方面表示，相对于原域名360buy，新切换的域名jd更符合中国用户语言习惯，简洁明了，使全球消费者都可以方便快捷地访问京东。同时，作为&ldquo;京东&rdquo;二字的拼音首字母拼写，jd也更易于和京东品牌产生联想，有利于京东品牌形象的传播和提升。京东在进步，京东越做越大。||||好了，现在给大家介绍两本本好书：《谢谢你离开我》是张小娴在《想念》后时隔两年推出的新散文集。从拿到文稿到把它送到读者面前，几个月的时间，欣喜与不舍交杂。这是张小娴最美的散文。美在每个充满灵性的文字，美在细细道来的倾诉话语。美在作者书写时真实饱满的情绪，更美在打动人心的厚重情感。从装祯到设计前所未有的突破，每个精致跳动的文字，不再只是黑白配，而是有了鲜艳的色彩，首次全彩印刷，法国著名唯美派插画大师，亲绘插图。|两年的等待加最美的文字，就是你面前这本最值得期待的新作。《洗脑术：怎样有逻辑地说服他人》全球最高端隐秘的心理学课程，彻底改变你思维逻辑的头脑风暴。白宫智囊团、美国FBI、全球十大上市公司总裁都在秘密学习！当今世界最高明的思想控制与精神绑架，政治、宗教、信仰给我们的终极启示。全球最高端隐秘的心理学课程，一次彻底改变你思维逻辑的头脑风暴。从国家、宗教信仰的层面透析&ldquo;思维的真相&rdquo;,0.0,1,True,正向文本标负向
639,我只认定我所选的牌子，华三路由器突然变华为，个人认华为用新牌子抢眼，属于欺骗消费者，要不华三盗用华为品牌，此路由器视为不合格产品，不推荐够买。不评分不能提交，我想评0分。,0.0,1,True,正向文本标负向
675,一般。没有想象中的好，也不厚。,0.0,1,True,正向文本标负向
680,书很脏，就是对乔老爷说的话的一些解释，很简单，不推荐,0.0,1,True,正向文本标负向
692,不实用，外观较粗,0.0,1,True,正向文本标负向
696,发票明确让开，还是不开，好几次了。,0.0,1,True,正向文本标负向
697,东西跟图片不一样。。。不是铝包边的。。帮别人买的，，，很不满意。。实体店里只要30块就能买到。,0.0,1,True,正向文本标负向
700,产品的小毛病很多，没有卖家描述的那么好。电充满了后用不了2个小时就没有了，充电的时候那充电器烫的要命，感觉随时要爆炸的样子 。总之买了这货后悔了！！！！！！！！！！！！！！！！！！！,0.0,1,True,正向文本标负向
733,我本来就穿41码的鞋子，这次买了3双，有2双挺合脚的，有一双特别大！联系客服换货，半天没有人理，几个小时才给你回复，打过361的全国客服，服务态度也不好，还不如那些不入流的品牌的服务态度呢！最后说可以换，只是运费的自己来，我想问一句：你们的鞋子造的大了，根我的脚有毛关系啊！？在京东上购买第三方商品还真的不如*猫方便呢，人家起码还有运费险！唉！失败的一次购物，这是第一次买361的品牌，也是最后一次！,0.0,1,True,正向文本标负向
750,不满意，很不耐脏。,0.0,1,True,正向文本标负向
776,以为是木质的 有点失望,1.0,-1,True,负向文本标正向
787,太薄了，我还以为是一套这个价，拿到一看才发现是一件，件，好薄好薄，太失望了,0.0,1,True,正向文本标负向
793,买贵了，质量不好，值五十差不多,0.0,1,True,正向文本标负向
799,实在是没嘛好说的了,0.0,1,True,正向文本标负向
824,5月3号买的，5月8号收到货，晚上小宝宝摔了一下就摔坏了，不仅旁边的碗耳掉下来一块，而且里面的不锈钢里层碗都掉了下来，由一个碗变成两个碗了，一个塑料的外壳和一个不绣钢的内层。非常无语，也非常后悔买这个碗。我们之前的那个小碗宝宝都摔了好多次了都没问题，这个碗刚拿回来，宝宝摔了一次就完蛋了。都是为了凑单才买的，后悔！,0.0,1,True,正向文本标负向
831,不太好，不耐用，充电一会就用完了，电热丝还容易变形,0.0,1,True,正向文本标负向
834,不是很好一般吧,0.0,1,True,正向文本标负向
841,质量还是挺好的，可惜发夹没什么亮点，很普通,0.0,1,True,正向文本标负向
858,一般产品性价比不是很好,0.0,1,True,正向文本标负向
868,好书价格不贵，喜欢京东,1.0,-1,True,负向文本标正向
939,质量不错 就是买的时候尺寸最好多个20-30公分，要不然来回换尺寸太麻烦啦,1.0,-1,True,负向文本标正向
953,衣服面料不喜欢  快递态度不怎么好  建议换快递公司运输,0.0,1,True,正向文本标负向
956,戒指比想象中的薄，室友们都说不太值，而且个人觉得号偏小，好的地方是客服很热情，很有耐心，包装很好，还送了卡片，快递也很快，但也还是一次很不开心的购物，毕竟人生中的第一枚戒指。,0.0,2,True,正向文本标负向
979,差评，太脆了，刚贴好挤气泡，就碎了裂了真心无语！！！,0.0,1,True,正向文本标负向
981,虽然好但是速度不够k,0.0,1,True,正向文本标负向
1005,非常不满意，不能用,0.0,1,True,正向文本标负向
1008,我很喜欢天姿这个牌子、还可以了、、就是有点慢,1.0,-1,True,负向文本标正向
1011,给单位买的，硒鼓依然很好用，但是发票在网上查不到，不知是否是假发票？我想请教一下怎么辨别电子发票的真伪呢？网上是查不到该发票，因为是给单位买的，需要报销，发票查询不到是真的，只有自己赔本了。,0.0,1,True,正向文本标负向
1027,东西寄来的时候钟面都裂了 完全不能用 究其原因\n1 包装不到位 \n2 用韵达寄\n然后我找客服，可是客服说快递停了，叫我年后找他。我就等。\n年后，再找客服，客服说可以换但是寄去的运费要自己付，可是按照京东规定，15天内，如果是快递损坏应该由卖家承担来回运费。几经交涉，店家态度强硬，不肯承担寄回运费。认为我应该先验货再签收，可是韵达那种小快递，服务哪有那么好，不签收不让你验货啊。,0.0,1,True,正向文本标负向
1064,书看起来好旧好旧，书好脏，看到很心塞！,0.0,2,True,正向文本标负向
1067,确实设计不太好，isofix接口根本就是摆设，离靠背那么远，根本没法坐，看晒单上客服说加靠枕上去，但屁股坐的地方肯定是不好坐，不舒服的，设计有问题，如果装上个前后调节的装置才行，keng'die的东西。其他方面马马虎虎吧。,0.0,1,True,正向文本标负向
1081,弹力不错，胶皮太差，买回来跟用了很久的拉力一样。偏重手感，我喜欢，比较稳。,1.0,-1,True,负向文本标正向
1125,码太大，本想换太麻烦就算了,1.0,-1,True,负向文本标正向
1127,鞋子漂亮.不过走路不是很舒服,0.0,1,True,正向文本标负向
1131,龟一样的速度，书的内容不错，就是书是旧书，书皮被水侵泡过似的！希望商城以后多加注意，不要把这种商品当作精品卖给我们，好在是书，可以看！,0.0,1,True,正向文本标负向
1142,我不否认东西的质量。（我为了包邮凑的东西满38包邮）这是我的订单（第一张图片）。（第二章图片）是我收到的货。买了5样东西只收到了鱼漂一样货。我联系卖家他管我要外包装，包装验货时被我撕碎了我还特意看了一下没有东西。完了还管我要包装内的订单，我没收到我拿什么给你啊。客服告诉我没有订单我不能给你处理！这是什么道理啊？！我要是收到订单了我还跟你费这劲呢！大过节的惹一肚子气。缺的东西一共不到20元钱，卖家的意思好像我再诈骗似的！希望看到此评价的朋友谨慎消费！网购好多年了，发货缺货的现象也碰到过，和商家联系都解决的很好就没见过这样的卖家！不跟发货部核实是否有遗漏，只管我要发货订单，你要是故意就给少发货，还不在里面放订单的话，你一年岂不是赚的盆满钵满的吗！,0.0,1,True,正向文本标负向
1157,真心不是很好用，可不买。,0.0,1,True,正向文本标负向
1199,送货员自说自话把快递直接扔所谓的代收点，麻烦先来个电话好么，至少留个联系方式好么。我根本不知道小区还有这么个代收点！回家第一件事，来给差评！,0.0,1,True,正向文本标负向
1200,"一般般,做工粗糙!!!!",1.0,-1,True,负向文本标正向
1215,宝贝到了有点差,1.0,-1,True,负向文本标正向
1217,72页后是57页 很好很强大 什么都敢卖,0.0,1,True,正向文本标负向
1220,真心没法交流，感觉名高店的客服挺好，也挺实惠，便宜***,0.0,1,True,正向文本标负向
1237,质量太差了，价格值*不好，不好！！,0.0,1,True,正向文本标负向
1241,满意你妹，种子就就三四个,0.0,1,True,正向文本标负向
1258,哎，洗了还是有好重的臭味。而且清洗剂的味道闻起来好难受,0.0,2,True,正向文本标负向
1272,自行车外观很漂亮啊，自己装后还是不太好，轮子配少珠，导致前轮老是摇晃，去自行车铺装上珠才行，一分钱一分货，变速反应很慢,1.0,-1,True,负向文本标正向
1323,啊舒服噶是否打算啊为发达是阿什顿飞,0.0,1,True,正向文本标负向
1336,骗人，没有送我钢化膜,1.0,-1,True,负向文本标正向
1342,东西没想象中的好，最气愤的是快递单上写了有赠品，打开却没有，不知道是故意的还是忘了放进去。让人很郁闷。一次很不爽的网购。只能给个差评 ,0.0,1,True,正向文本标负向
1358,贵，贵的要死，别人48买7本这样的，虽然是盗版。。,1.0,-2,True,负向文本标正向
1376,很一般，不舒服,0.0,1,True,正向文本标负向
1390,鞋子没有想象的那么好，觉得不怎么样,0.0,1,True,正向文本标负向
1393,没想像中的好，一般般吧，，,0.0,1,True,正向文本标负向
1404,看着一般般，不像皮的，不太满意,0.0,1,True,正向文本标负向
1407,鞋子外面有点脱胶，鞋垫大很多，不想退货了，免得麻烦,1.0,-1,True,负向文本标正向
1416,不好啊，布料吸腿，没旗舰店的好穿,0.0,1,True,正向文本标负向
1427,电池太不给力！希望商家可以在这方面努力，或是提供用户DIY电池备用的方法！另外，质量有待提高，小朋友第一天就有其中一台，一边车轮不转！不过，总归还是个好玩具，特别是对战，构思巧妙，娱乐性强，而且在亲子族活动方面，增色不少，值得推荐！,0.0,2,True,正向文本标负向
1441,发错货实在很不满意,0.0,1,True,正向文本标负向
1487,这次的感觉不太好 打开包装后 亮黑色宝珠笔的笔杆上有很多细小划痕 用镜布反复擦拭后仍然存在 虽然不影响使用 但是很不完美,0.0,1,True,正向文本标负向
1506,东西还可以，就是拼起来的时候发现少了几颗螺丝，自己跑去五金店买了几颗将就用着，找客服要原装螺丝，都快两个星期了都还没核查好。郁闷。。。,0.0,1,True,正向文本标负向
1508,鞋子穿了两天，感觉比效宽松、僵硬，不满意的一次购物体应。,0.0,1,True,正向文本标负向
1529,我只想说。这衣服送快递送了半个月，我不知道快递公司怎么搞的，衣服再好已经没用了,0.0,1,True,正向文本标负向
1541,舵手夜光棒夜钓棒 钓鱼用视距30米盒装 发光棒荧光棒 配件渔具，不怎么亮，还有些报废的。不太满意。,0.0,1,True,正向文本标负向
1546,读不尽的红楼。\n文字浅易。\n看了会爱不释手。\n学识俱佳。\n买一套，可惜差一本，,1.0,-1,True,负向文本标正向
1554,不满意！我还没收到就以经收到了！快递员前天还要送过来，但今天还没来！,0.0,1,True,正向文本标负向
1592,穿着包不住臀部，夹在当中，特别不舒服，一次性就扔了，失败的一次网购,0.0,1,True,正向文本标负向
1627,从桌子上掉下来居然没破，牛,1.0,-1,True,负向文本标正向
1700,特价时买得，比外面便宜很多，就是开发票麻烦,1.0,-1,True,负向文本标正向
1714,非常不满意，年前买的产品，一个多月了，没有安排安装，打电话推脱，,0.0,1,True,正向文本标负向
1716,如果可以把物流外包装换成纸盒就好了，冬天天气凉，本子的塑料皮包装在塑料袋外包装里会导致被冻裂的。,0.0,1,True,正向文本标负向
1721,鞋子外观很完美，穿起来有点划，,0.0,1,True,正向文本标负向
1722,颜色完全不对，实物颜色超难看，又不是赠送的，是花钱买来的，太糊弄人了，非常不满意！！！,0.0,1,True,正向文本标负向
1744,好像薄了一点，不是很满意,0.0,1,True,正向文本标负向
1759,内衣特别扎，穿着很不舒服很不舒服，内裤还可以!还有包装就一个塑料袋，真的是太不值了,0.0,2,True,正向文本标负向
1770,纸张，印刷，插图都没得说，很好。但这内容实在让人无语，照搬李时珍，没一点注解和解晰，好多文言文看的云里雾里，这还要编辑干嘛？？\n,0.0,1,True,正向文本标负向
1771,还可以算是对付了，价格贵，没灯泡,1.0,-1,True,负向文本标正向
1779,味道不怎么好，感觉很劣质！下次不会买了,0.0,1,True,正向文本标负向
1811,总体还是不错的，就是外盘粗糙了一点，但是还是适合入门使用的。,1.0,-1,True,负向文本标正向
1817,不实用，没有太大意义！,0.0,1,True,正向文本标负向
1829,很有质感。手感也不错，瓷器的材质总不比塑料啊什么的差！,1.0,-1,True,负向文本标正向
1836,先说东西质量一般，线过短使用不方便，另外客服说话一点不负责任，提前问他们是否能开北京版发票告知可以，然后寄过来一张天津版发票，导致给单位买的东西不能走报销流程，联系售后又告诉我发票的问题一定要提前问京东发票专线，我就请问买之前你怎么不说呢？？？同事收的货不知道情况已经拆包装了，问还能不能退货又不理人了，京东算是够了，以后再不相信京东自营品牌了,0.0,1,True,正向文本标负向
1845,手感不错，气味好刺鼻！放几天才能用！！,0.0,1,True,正向文本标负向
1865,一点都不满意 不好看,0.0,1,True,正向文本标负向
1872,说实话，真心感觉到不怎么样，买的是黑了，却看上去是深蓝色！穿着不怎么样！没有实体店好,0.0,1,True,正向文本标负向
1887,&ldquo;The Maze Runner&rdquo; ，精装效果一般；\n京东送货时间我选择的是当天晚上21:00之前，但是实际到货时间却为第二天上午09:00多；中间没有任何电话或者短信的解释。。。。。。\n精装的封面效果是硬的，类似于词典。里面的纸张是偏黄的。翻开以后也不能很好的打开，需要用手扶着，否则就会自动合上。总的来说没有我之前买的 DIVERGENT 的装订效果好，这个比DIVERGENT还贵30大元左右。。。。。。不知道简装版的是不是更好一些。。。。。。\n书的内容应该是不错，之前看了介绍才打算购买的。,0.0,2,True,正向文本标负向
1904,用了好几次，没有效果，柜子的味道依然很大。不建议购买。,0.0,1,True,正向文本标负向
1906,非常不满意，快递变慢递，客服变上帝,0.0,1,True,正向文本标负向
1910,这估计是我吃过的最难吃的果干了，尤其是里面的芒果干，湿的，完全不是新鲜果干，就是果脯，还带皮带核，其他的香蕉干，椰子片，菠萝蜜干一般，也就值两星。,0.0,1,True,正向文本标负向
1917,东西还行，做工不细致，结合处这么大的缝，倒是不影响正常使用，问题是看到这缝隙人心里就不太舒服，大大影响了购物与使用的心情。,0.0,1,True,正向文本标负向
1930,我的小米手机经常的找不到这个蓝牙手环。手机的蓝牙打开了，这个锋立手环戴在手腕上，手机放在裤兜里。就这样都经常搜索不到设备。把手环直接放到手机屏幕上，都能搜索不到。而且，自从用了这个手环，无论是手机还是手环耗电量都相当大。几乎两天就要充一次电。\n说实话，这东西，相当不满意。,0.0,1,True,正向文本标负向
1951,不满意，15号下单，2O号才出库，21号收货。,0.0,1,True,正向文本标负向
1956,"晕了,是我运气好还是什么的!买包送创意腰挂韩国钥匙链钥匙扣圈!都TM的包装破损!曰,这帮拣货和复核的家伙们也不知道看看,气死我了!",0.0,1,True,正向文本标负向
1958,不满意，联系不上卖家的，码数过大，,0.0,1,True,正向文本标负向
1961,物流很快，有点贵&hellip;&hellip;,1.0,-1,True,负向文本标正向
1973,书的内容就不用说什么了，很好！\n主要是卖家，书没有包皮、这都没关系，我买的是新书、发过来书面很脏边边角角很脏、整书从内到外都有很深的折印记、不能能说我爱书如命、但是对于书籍我还是很爱护的、希望卖房能把库存的书籍都放好、爱护好！,0.0,3,True,正向文本标负向
1974,印刷精美的ruozhi书籍，空洞乏味，缺少案例分析和说服力，基本上属于一本&ldquo;先有衣服再做尺子的书&rdquo;，还在浏览，不推荐本书，建议另行购买！,0.0,1,True,正向文本标负向
1988,不满意啊，怎么还要自己剪啊，这个怎么剪的好，麻烦，那个不要剪的还好,0.0,1,True,正向文本标负向
1995,这个包包跟网上图片相差很大，质地没有想象中的好，而且味道有点大，包包也值不了那个价，只能凑合着用了。,0.0,2,True,正向文本标负向
2004,颜色不一样  不太满意,0.0,1,True,正向文本标负向
2006,不怎么好前面老起小颗粒,0.0,1,True,正向文本标负向
2033,太硬，，鞋口顶脚好痛，，穿起来还很不舒服。。。,0.0,2,True,正向文本标负向
2051,这是一次不太满意的购物，镜片带起来给眼睛的压力很大，不舒服，建议还是在实体店购物,0.0,2,True,正向文本标负向
2071,总体不错，不过没有我想象的好，内部空间窄，线缝合比较粗躁。性能的好坏只有用了才知道。,0.0,1,True,正向文本标负向
2091,穿着是舒服的，就是感觉土气点,0.0,1,True,正向文本标负向
2147,消除静电功能不错，不过就是收到时候拆包装的时候都漏了。,1.0,-1,True,负向文本标正向
2156,有点小口，漏毛，值不当的退换了，请看图吧,0.0,1,True,正向文本标负向
2157,书还行，但是快递到了之后我的书的交都整好了，真是的气死了一点满意最起码那个盒子之类的东西包一下啊！就一个袋子，服了都什么啊！,0.0,1,True,正向文本标负向
2168,我是5天才收到，还催过的，东西质量很可以，就是手进去后太紧，不自如，只能动手指（我的手不大）。基本上没实用效果，除了暖手。,0.0,1,True,正向文本标负向
2195,商品质量很好，但是尺寸误差太大，28cm的蒸片，用尺量刚刚好27.5cm，刚刚能卡住，但又不稳，稍用手往下按一下，就掉下去了，唉！又不敢再买大一号30cm的，怕放不进去。,0.0,2,True,正向文本标负向
2207,说明书烂到没话说，起不到指导的作用，反而装起来更复杂。床尾上方处的接口和床头顶上方的银色装饰掉漆。固定绳还用就掉了。我买的黄色，配的粉红挂扣。管子和蚊帐质量还是可以的，但绝对没抓细节的。,1.0,-1,True,负向文本标正向
2227,系统稳定，音质不错的说，对比之前买的c3，那是骗钱的垃圾，这个确实可以了，绝对可以打压千元下所有进口货，配森海耳机感觉不错，,1.0,-1,True,负向文本标正向
2253,一般般&hellip;&hellip;不是很好，有点薄,0.0,1,True,正向文本标负向
2262,这个小东东要是再便宜点没的说，差一块钱要十元运费糟心,1.0,-1,True,负向文本标正向
2314,画面很美，价格很贵。。。。,1.0,-1,True,负向文本标正向
2326,味道特大，里面绒毛就快掉了，不好，想退了，但是我又不方便出去&hellip;&hellip;&hellip;&hellip;,0.0,1,True,正向文本标负向
2335,颗粒不太饱满，很干瘪很少很好，不过枸杞很干净,0.0,1,True,正向文本标负向
2343,衣服很满意，就是物流太慢了，下单10多才到,0.0,1,True,正向文本标负向
2345,包装太差了啊！不知道怎么会这样打包啊！非常不满意这个商家啊,0.0,1,True,正向文本标负向
2421,哪里都好，我是给我老公定的，但我穿上好像八分裤，我老公穿也就能当七分裤，下次不能贪便宜了,0.0,1,True,正向文本标负向
2438,不喜欢外面的纸套，取放太麻烦\n,1.0,-1,True,负向文本标正向
2483,严重小一码。我175CM，买了XL码的，还不如其它牌子L码的大。面料发亮。很不满意。袖子根本挽不上去，我还是胳膊很瘦的那种体型。,0.0,1,True,正向文本标负向
2490,料子好硬，说实话不咋样啊，亏了,0.0,1,True,正向文本标负向
2514,别的都挺好的，就是色差很大。,0.0,1,True,正向文本标负向
2529,什么东西，这也值*多元，在实体店*不到，杯套旧的不能在旧了,0.0,1,True,正向文本标负向
2533,包装清单啥都没有，写了那么多送床垫的客户截图，结果不送，这就是宣传不清楚。要不你就写清楚包装清单有啥，消费者好自主选择。,0.0,1,True,正向文本标负向
2535,先不说东西质量怎样。编光盘的人脑子应该是浆糊了。一本书那么多的听力材料只有一个mp3文档，而且没有任何信息告知哪一段从几分几秒开始。也就意味着我只能从书一开始听，并且听到哪儿做个记号，不然下次接下去听就不知道该从哪里开始播放了。。。。从来没有见过这么雷人的听力书，非常不满意。难怪这么便宜呢，果然便宜没好货，下次再也不敢买这个品牌出的听力书了。先不说东西质量怎样。编光盘的人脑子应该是浆糊了。一本书那么多的听力材料只有一个mp3文档，而且没有任何信息告知哪一段从几分几秒开始。也就意味着我只能从书一开始听，并且听到哪儿做个记号，不然下次接下去听就不知道该从哪里开始播放了。。。。从来没有见过这么雷人的听力书，非常不满意。难怪这么便宜呢，果然便宜没好货，下次再也不敢买这个品牌出的听力书了。先不说东西质量怎样。编光盘的人脑子应该是浆糊了。一本书那么多的听力材料只有一个mp3文档，而且没有任何信息告知哪一段从几分几秒开始。也就意味着我只能从书一开始听，并且听到哪儿做个记号，不然下次接下去听就不知道该从哪里开始播放了。。。。从来没有见过这么雷人的听力书，非常不满意。难怪这么便宜呢，果然便宜没好货，下次再也不敢买这个品牌出的听力书了。,0.0,3,True,正向文本标负向
2536,京东把我的评论屏蔽了，原因是我一批买了很多东西，包括一张2m*1.5m的地图（地图还没有用来挂的配件），被分成好多个子订单之后，地图就不给我开发票了，我问京东，回答是我没有要开发票，笑死人了，购买的时候是按照一个总订单下单的，我明明选了发票，分开之后其他3个子订单也都给我开了发票，现在告诉我我没要开发票，结果京东自己还奇怪，问我&ldquo;其他3个给你开了吗？&rdquo;后来又说什么地图不能开明细，所以没有开。这个也算理由？接下来，我是9月12号周五打电话的，告诉我可以补开成图书，我说可以，客服说，周六日财务休息，周一给我开，会短信告知，结果我等到16号周二也没消息，又打电话，说还没开，马上给我开，还是短信通知，我又等到18号周四，告诉我，17号开了还没给我寄出，历经磨难终于在19号17：00拿到了。我在京东买东西也不是一次两次了，经常是上午下单，下午就到了，怎么这次补开个发票就这么难啊？还是京东自己造成的问题，店大欺客啊？极度不满意。\n送货的师傅还是挺好的。,0.0,2,True,正向文本标负向
2544,不太满意，穿的不舒服。,0.0,2,True,正向文本标负向
2567,麻烦的额恶心 怎么都无法上线,1.0,-2,True,负向文本标正向
2573,物流超慢，在京东上购物没想到花了5天，拿到东西后没想到质量也一般般，完全值不了20一件，还有很浓的化学味道，在京东最最失败的一次购物经历,0.0,1,True,正向文本标负向
2579,京东好，京东妙，京东顶呱呱。,0.0,1,True,正向文本标负向
2586,不好，上面的螺丝直接掉下来，十分不推荐。,0.0,1,True,正向文本标负向
2606,一开始还好，听着听着杂音就来了，还有，我买的是白色的，其中一个耳机带点黄，像是旧的，本来同学都说买电器来京东比较好，我只想说呵呵,0.0,1,True,正向文本标负向
2610,不好，不如地摊货，地摊货更便宜质量还要好一点,0.0,1,True,正向文本标负向
2614,非常不满意 春天的衣服却冰凉冰凉的,0.0,1,True,正向文本标负向
2622,还行，就是有点看不清楚路了，很舒服,0.0,1,True,正向文本标负向
2625,宝宝勉强能看下去，制作有些教条、粗糙。,1.0,-1,True,负向文本标正向
2643,"包装很好,茶叶太差.叶子都黑了.",0.0,1,True,正向文本标负向
2652,一用电池没电晕喔，自己买了一个电池虽然不贵但心里不舒服,0.0,1,True,正向文本标负向
2655,裤子运了11天才到，这个裤子试了下布料可能值*卖168第一次给差评，但是确实是太差了 ！,0.0,1,True,正向文本标负向
2667,效果不是很好！太皱了！而且尺码不准有点大了,0.0,1,True,正向文本标负向
2681,不太理想，没有说的好，有的球球去不掉了,0.0,1,True,正向文本标负向
2693,拼凑的东西，没啥意思，不推荐大家看,0.0,1,True,正向文本标负向
2706,很不满意，太小了。。。。,0.0,1,True,正向文本标负向
2709,再不买他家东西了，明明是少发东西，还拒绝补货或补款。后来在京东投诉，经过多日反复申请，京东替他家赔付了。赞京东，希望京东取消与他家合作!!!&hellip;,0.0,1,True,正向文本标负向
2715,看上去很廉价，使用上还可以，不推荐,0.0,1,True,正向文本标负向
2717,虽然质量不怎么好  但是款式我还是喜欢呢！,0.0,1,True,正向文本标负向
2722,很不满意盗版的,0.0,1,True,正向文本标负向
2723,質量太差，還會褪色。褲子手工製作差，有掉線的。,1.0,-1,True,负向文本标正向
2738,不是纯棉的，买来儿子穿了一会儿，就说不舒服，扎肉。我晕，不是百分百纯棉吗？不是红豆名牌吗？怎么这样欺骗消费者呢？,0.0,1,True,正向文本标负向
2743,包装非常不满意，连个袋子都不给装，装的纸盒还破个洞，直接就摸到衣服了,0.0,1,True,正向文本标负向
2790,此款商品第一个给人印象是便宜，包括我也是被迷惑了，这个茶叶颠覆了我对金骏眉这个茶叶品种的看法。\n不满意的地方有两点：\n1.茶叶硕大无比，里面混杂一些茶叶梗和像树叶的东西在里面，和之前喝过金骏眉毛茸茸的样子大相径庭。\n2.泡两遍基本上就没有多少颜色和味道了，茶水味道发涩，基本上不经常喝茶的人把它当做红茶来喝还凑合，叫做金骏眉真是枉费了大家对它的期望。\n\n如果用一分钱一分货来评价这个茶叶，那么感觉上卖这个价格也不算便宜。,0.0,1,True,正向文本标负向
2818,态度不错，就是感觉这个手机套太&hellip;贵了,1.0,-1,True,负向文本标正向
2824,东西挺实用，好,0.0,2,True,正向文本标负向
2835,不是很好。很薄，很轻。一分钱一分货,0.0,1,True,正向文本标负向
2839,蚊帐就那么回事；物流太垃圾，而且收到货时包装破损，快递直接将货物放在物管那里，给我发个短信了事，鄙视之！,1.0,-1,True,负向文本标正向
2847,哎！这洗发水跟我上次买的相差甚远，既没有香味洗了也不柔顺，特别不满意，好想退回去，可惜我已经洗了，希望想买的MM一定要注意啦！,0.0,2,True,正向文本标负向
2868,很好，只是小了点,0.0,1,True,正向文本标负向
2883,不怎么好感觉有点假，包装什么的好旧里面没有说明书，瓶子本身好多刮花看吧！,0.0,2,True,正向文本标负向
2894,退了，穿了两边脚痛，退货速度还是很满意的～,0.0,1,True,正向文本标负向
2898,产品不符合商品说明，说好的是95%棉，5%氨纶，买回来外包装写的确实是95%棉，5%氨纶，但是打开标签和内裤内里写的明明是90%棉，5%氨纶，和客服沟通，刚开始态度还行，等我说要换货时却没下文了。算了，内裤这种东西，换给别人，也不舒服，就自己先试试了，结果洗了之后褪色，穿着也不舒服，肯定不会穿了。差评，差评，差评，一颗星是给京东的！,0.0,2,True,正向文本标负向
2900,一点都不保温，没啥好的,0.0,1,True,正向文本标负向
2984,植物医生的忠实粉，盼了好久，收到货后店家&rdquo;惊喜&rdquo;真是大大的，发货清单自觉备注了&ldquo;未发&rdquo;，等补发货中&hellip;&hellip;,0.0,1,True,正向文本标负向
2986,不是狠满意，给朋友买滴,0.0,1,True,正向文本标负向
2997,鞋很硬，穿着鞋都不好走快了，而且穿着非常不舒服，强烈要求退货,0.0,1,True,正向文本标负向
3015,样子还行吧，就是穿的不怎么舒服,0.0,1,True,正向文本标负向
3023,性价比不高，是变4里面做工比较差的。,1.0,-1,True,负向文本标正向
3052,真真是无语的商家！第一次拿到衣服上就有窟窿！申请了换货还是有窟窿！运费也是迟迟才补贴！而且他衣服的质量问题，要找裁缝修补，协商好的修补款答应了又反悔！还要求给他全好评！真是诚信无语的店啊！,0.0,1,True,正向文本标负向
3105,家里买第二台了，公司定了不下20台，相当好用，作为室内净化在严重雾霾情况下可以达到空气良好水平，但屋内密封一定要严，不然净化效果不行。,1.0,-1,True,负向文本标正向
3113,俞敏洪老师经典之作红宝书系列丛书之一，畅销多年，使数百万名四级考生受益，可以称得上是史上最畅销的四级词汇书。该书打破了《四级词汇词根+联想记忆法》按字母顺序排列单词的方式，避免考生停留在背某一字母开头的单词而背不下去的困境。本书沿袭了红宝书系列优秀特点，以&ldquo;词根+联想&rdquo;记忆法为主，帮助考生找到高效背单词的途径。同时，本书配有诙谐幽默的漫画插图和实考真题，帮助考生在轻松的氛围中和真实的语境中掌握词汇。另外，书中收录了大量的词汇搭配用法及近义词辨析，帮助考生更好地掌握单词。本书配有MP3光盘，朗读者为专业播音员，对单词及释义进行了朗读，音频文件还配有字幕，方便考生充分利用零散时间进行学习。,0.0,2,True,正向文本标负向
3118,不是很满意！有点偏小了,0.0,1,True,正向文本标负向
3122,稀烂的鱼竿只能说宣传图片做的很好  第二节跟第三节的接口可以插一根牙签里面了  还垂头  *块钱打水漂了 防抱死凹槽也没有 跟图片上除了颜色之外没一个跟图片上的一样  擦,0.0,1,True,正向文本标负向
3186,我以为日本的会好很多，谁知道擦完好多碎毛在屏幕上，，手贱买了两包，差评。而且我液晶上是有防眩光涂层的，居然说明说不能用于有涂层的，那我还一点都不能用了，差评。,0.0,1,True,正向文本标负向
3196,包包是挺好的，不过小了个拉链扣，客服没帮我解决问题。,0.0,1,True,正向文本标负向
3198,差评，差评，太气人了，在京东买了这么多东西，第一次遇到这种，这个电饭煲在迷你号中并不便宜，不能选喜欢的颜色也就算了，居然内锅有个窝，底底上的螺丝也掉了一颗，关键是这颗根本上不进去，里面没得能让螺丝固定的东西，不是急着要，绝对要退货的，完全就一瑕疵品。害怕这个窝导致饭煮不熟，还好煮饭到煮得熟，但是米煮起不好吃，同样的米大的电饭煲煮出来好吃得多，这个吃起就水渣渣的，总之不满意，烧个水半个小时才开，功率小，这个到可以理解，煮饭大概40分钟，也可以接受，只是对于出厂检查太不满意了，这种明显瑕疵都可以出厂!!!给消费者带来不愉快!,0.0,2,True,正向文本标负向
3200,只想给差评，买六个，就真的发了六个勺子&hellip;&hellip;\n也是无语?了，是不让我吃水果的节凑吧！京东上购物为了实惠方便，节省时间，到头来还要考虑退不退货的问题&hellip;&hellip;,0.0,1,True,正向文本标负向
3210,这哪里是大号黑钢。颜色根本不是黑色。而且好小。联系客服都没人理。妈的,0.0,1,True,正向文本标负向
3264,没有想象中的好，一点也不滑,0.0,1,True,正向文本标负向
3269,衣服款式很好，面料太一般了，尤其圆通物流、次，服务真的要多次有多次，京东要是在与圆通合作下去也快了，还是去其他网比较好。总之下次买东西看见是圆通物流我是不会买的,0.0,2,True,正向文本标负向
3270,一塌糊涂 拆开来就碎了 好薄,0.0,1,True,正向文本标负向
3288,1.买了一个多月了吧  穿了一次以后应该不会在穿了.\n2.本来无心评论但是前两天给妈妈买的衣服到了打开看我直接被京东给征服了颜色又搞错了\n3.老板你是色盲吗？白色跟灰色差异很大才对啊.这么低级而严重的问题也犯\n4.我是看你店人气蛮多才来的我想问你发错了多少东西给顾客\n5.你没有我要的东西起码你要打电话问我一声对吧虽然不是很多钱\n6.在这时我想你会说那你退回来我给你换  呵呵\n7.我是个文明人但此时我内心深处有一万只***在乱跑\n8.祝老板生意越来越好,0.0,1,True,正向文本标负向
3290,太歪了，才买了一个月无缘无故忽然就不行了，联系卖家喊处理就不理人了，还没以前买的*多元钱的好，*多元的都还用的上好。大家千万别买。,0.0,1,True,正向文本标负向
3296,不好，跟期望值相差太大，本来以为京东的衣服会比其他网站好，现在觉得不是这样的，衣服质量，做工都不好,0.0,1,True,正向文本标负向
3297,商品和事物都挺好：今天下午收到物流电话：不但不给给送货上门：还要我自己去取。难道活到付款就这样待遇？最重要是物流说：不去拿就给返回去。商家找的什么物流这是？,0.0,1,True,正向文本标负向
3337,66666！17号发货！27号都没到！呵呵！我是几眼了！啥意思？到哈尔滨就不给送了么？好6啊！现在还没给我送！我是来气点的！给个解释？一星都不给！,0.0,1,True,正向文本标负向
3351,款式很好看 码子很正 穿着很合身 老板人很好 物流很快 我很满意,0.0,2,True,正向文本标负向
3360,感觉不是很好！电量显示还有电也关机，开机后电还多的很！,0.0,1,True,正向文本标负向
3381,蜡笔非常软，很容易掉小碎块，玩一小会孩子手上衣服裤子上地上都是颜料，衣服放在洗衣机里颜色还洗不干净。远远不如绘儿乐。mini可旋转蜡笔那款蜡笔硬的，不掉渣，我用过的绘儿乐都好洗。不过绘儿乐那款大可转蜡笔，只写了一笔，和这个类似，也偏软偏滑，但那个还没有真正使用。,0.0,1,True,正向文本标负向
3401,非常不满意再怎么说也是*东西包装也太随便了吧,0.0,1,True,正向文本标负向
3450,于图片不符合，都掉色了，太失望了,1.0,-1,True,负向文本标正向
3451,感觉退热贴不像正品，味道与药店买的不同，也不耐用三四个小时就干了,0.0,1,True,正向文本标负向
3504,什么都好，就是电池只能管两个小时,0.0,1,True,正向文本标负向
3518,13号下的单，29号到的！每次问客服，半天不回复，回复就几个字。不知道是不是真的。不太满意\n,0.0,1,True,正向文本标负向
3523,有一个漏了导致整盒粘乎乎的，味道一般，还是有果肉的好吃,1.0,-1,True,负向文本标正向
3532,这个商品不是很好，买了一个就开不起机了,0.0,1,True,正向文本标负向
3534,不怎么样，质量超差，非常不满意,0.0,1,True,正向文本标负向
3537,性价比很高，不比商场里的差。,1.0,-1,True,负向文本标正向
3575,订单订的是银杆黑色，结果收到的是全黑色的，毛巾也没第一时间发给我，而且态度不好，都不理人，说了好几次才把毛巾给我补发过来了，第一次在京东买东西就遇上这，郁闷死了。！,0.0,1,True,正向文本标负向
3583,一次买了三套就不发图片了，跟商家描述的差不多吧，个人觉得这玫红色颜色有点深啊，后背花边还有点坏了抽丝了，?有点小失望，这短裤也太透了，不是本人喜欢的类型，特性感啊，?反正在里面凑合穿吧，不贵就懒得计较什么了，卖家态度挺好的，物流也还可以不算慢，如果后续穿的好还会光顾这个牌子的，谢谢商家送的加长扣,1.0,-1,True,负向文本标正向
3591,不是很好看，还有点贵,1.0,-1,True,负向文本标正向
3623,声音不怎么好。,0.0,1,True,正向文本标负向
3634,颜色都能发错？第一次京东给的惊喜！,0.0,1,True,正向文本标负向
3641,其他客户收到的书都是带有塑料封皮的，书保护较好，而我收到的这套书没有保护塑料封皮，结果书很破烂不堪，强烈要求换套质量好的，虽然是团购，但决不买处理残次品。,0.0,2,True,正向文本标负向
3654,做工稍有粗糙，整体可以接受,1.0,-1,True,负向文本标正向
3655,后盖太长了，前面都卡好后后盖还伸出金属框越1.5毫米，金属框下部的凸起卡位太短，只能卡到后盖一半的厚度。,0.0,1,True,正向文本标负向
3669,京东的东西还不如tb.呵呵呵。以为京东会好一点，好垃圾，别买,0.0,1,True,正向文本标负向
3710,华而不实   真心太欺骗人了      只是包装好    里面书质量也不好  连解释都没有！ ,0.0,1,True,正向文本标负向
3711,还算不错吧，就是贵了一点。,1.0,-1,True,负向文本标正向
3726,送过太慢，好几天才送，拖了再拖,0.0,1,True,正向文本标负向
3754,是在国内印刷的原版书，纸很白，就像是普通的Ａ４打印纸，字却不是很清晰，远不如以前的中文版的印刷质量，这样的纸张和印刷质量，实在对不起那一百三十多元人民币的价格，三十块钱也算是太多了，简直是抢钱呀，不推荐购买！,0.0,1,True,正向文本标负向
3763,一、墨水外包装很好，没有拆封包装盒检查，蓝色墨水漏墨，意为是颠簸，昨天才发现是漏洞。\n二、墨水的传输线有问题，是弯曲的，弄了半天也直不了\n三、颜色偏红\n其他没有啥问题了,0.0,1,True,正向文本标负向
3764,味道不怎么样，好在便宜,0.0,1,True,正向文本标负向
3769,一点都不满意，这次购物还收我运费，在网上购了这么多免运费的，这次还要我给运费。请卖家不要用这快递。差坪评,0.0,1,True,正向文本标负向
3774,鞋子穿起来 看着很大   不太满意   不过是正品,0.0,1,True,正向文本标负向
3784,这是个锤子！这么薄！跟想象中完全俩码事！还这么皱！最失败的购物！也就值70/80块钱！建议不要买,0.0,1,True,正向文本标负向
3793,吃了后不舒服，不敢吃了！,0.0,1,True,正向文本标负向
3796,小了点，果然贵，其余行,1.0,-1,True,负向文本标正向
3821,"噪音太大,不怎么好。",0.0,1,True,正向文本标负向
3843,不是很满意，质量没有想像中好，太薄，而且前面还有一个扣子都没有了,0.0,2,True,正向文本标负向
3852,貌似胡言乱语，没觉得有多好。《凯恩斯社会、政治和文学论集》根据英国皇家经济协会1982年出版的《约翰·梅纳德·凯恩斯全集》的最新标准版第28卷译出。收录的是凯恩斯在社会、政治、文学和艺术领域中的著述。资料来源有两类，一类是凯恩斯本人保留的文献，另一类是他的同事和朋友提供的文献，其中最重要的是金斯利·马丁生前提供的文献。\n　　在《凯恩斯社会、政治和文学论集》中，凯恩斯本人的著述一般都用较大字体排印。凯恩斯本人提供的，用星号或者其他符号表示，以便与编者增加的注释区别开来。其他人提供的介绍性材料和文字使用小一号字体排印，以便与凯恩斯本人的撰写的文字区别开来。唯一例外做法是，在介绍段落中，偶尔会出现摘自凯恩斯写给他父母或者朋友的信件的短小引文，以便梳理语境。这类文字是介绍性材料，所以用较小字体排印。,0.0,1,True,正向文本标负向
3879,很不满意，鞋码也不对，不知道能退不,0.0,1,True,正向文本标负向
3893,客服说了，&ldquo;想要东西就等着，不想要就申请退货，催什么！&rdquo;在这里买东西，必须要看客服老大的心情，心情好了就给你发货，心情不好，你就等着吧！,0.0,1,True,正向文本标负向
3896,其实一点都不好用问客服还不理我 好伤心&hellip;&hellip;,0.0,1,True,正向文本标负向
3897,物与图片不一样。商家知道好的青瓷，但做不出好青瓷，也没好的青瓷卖，弄图片来忽悠人。\n茶叶罐的釉偏蓝，淡，做不出梅子青的颜色，开片很细碎，痕极细极淡。也没有青瓷的铜口铁足的特征。\n家里有一套青瓷茶具，看了图片觉得比较配的，可买回的事物与图片差太远了,0.0,3,True,正向文本标负向
3901,不怎么满意，态度冷淡，,0.0,1,True,正向文本标负向
3903,说实话一般，不是很清楚，拍的图好小！后悔！,0.0,1,True,正向文本标负向
3911,卢正浩里最不推荐的一款。。。性价比非常低。。。还是专注龙井吧,0.0,1,True,正向文本标负向
3921,不是棉的，穿着不舒服。。。。,0.0,1,True,正向文本标负向
3926,质量不好，皮革的，好破损，易脱胶！,0.0,1,True,正向文本标负向
3934,用手机试了不管用，要缠好几圈才管用，我收到的衣服很脏（如下图），不知道你们的怎么样！最可恨的是商家推卸责任，买这么一件衣服等了一个礼拜。总之对这次购物很不满意,0.0,1,True,正向文本标负向
3984,好评论是假的，黑头没吸出来，,0.0,1,True,正向文本标负向
4039,包装看着很好，可是香断了很多。香不够细腻，烧得很快。,0.0,1,True,正向文本标负向
4052,很不错的书，但是价格比较贵，比当当贵很多啊,1.0,-1,True,负向文本标正向
4062,快递服务好，到货很快。口感一般,0.0,1,True,正向文本标负向
4073,导航还是不错的，倒车和记录仪成像效果也不错，不过导航设计的有问题，原车要割塑料板，不然安不进去，比较满意线路方面不破坏原车线路，不过下次记得要提醒割塑料板，害得我以为不是专车专用的，售后客服也不错，五星好评先，不知道以后升级有没有麻烦,1.0,-1,True,负向文本标正向
4085,门帘有严重的质量问题。挂上门帘后的2-3天，包裹吸铁石的塑料外壳开始陆续掉落，导致两片门帘无法闭合，达不到遮挡蚊蝇的效果。市场上门帘价格几元到小几十元不等，去年在别处十几元买的门帘今年继续用尚且完好无整，这次在巨铭以更高价格购买的门帘何以如此质量？何以体现巨铭宣传的&ldquo;自动吸合，经久耐用&rdquo;的产品&ldquo;特&rdquo;点？\n\n4.30下单，5.1到货使用，5.2才使用一天就发现有塑料外壳陆续掉落的质量问题，随即联系巨铭客服，客服回了一句&ldquo;你扣上就好&rdquo;，之后再未理会。试问巨铭：普通人一天进出卧室少则几次多则十几次，每次塑料掉了你让我扣上，这样的处理方案能解决问题吗？\n\n京东上申请退货，巨铭拒绝，理由是：塑料扣是可以拆卸的！请问：商品介绍中哪一个字有说明可拆卸？长的，短的吸铁石一根两根的掉出来，还强词夺理！\n\n卖家对产品这么有信心，想必不会删除用户评价吧！今天把这条评价发出来，且拭目以待了！,0.0,1,True,正向文本标负向
4095,也太长了不满意只能送人,0.0,1,True,正向文本标负向
4096,东西不怎么样，头一天119.第二天就89了，我也是晕了，大家能想象这衣服能有多好,0.0,1,True,正向文本标负向
4129,按装好了，没亮2小时就灯泡烧掉了，而且插线扣有点不符合,0.0,1,True,正向文本标负向
4134,这次购物还算满意，只是鞋子右脚鞋口位置里面那个泡绵有未贴平顺打折现像。,0.0,1,True,正向文本标负向
4149,裤子质量可以，有点厚了，不过做工挺好，如果可以便宜点就更好了,0.0,1,True,正向文本标负向
4150,这个系列质量很差，各种状况，不推荐购买,0.0,1,True,正向文本标负向
4176,这次很不满意，是第二次购买了，本来拍的L号，结果发过来是XXL号！宝宝才八个月，根本就穿不了嘛！联系客服都没人理的！申请换货也不知道运费到底怎么算，烦心～～,0.0,1,True,正向文本标负向
4210,第一次觉得京东上购物也这么坑人，衣服质量不好，扣子还掉了，退货时自己垫钱发过去的，说如果退货原因合理就垫付快递费，结果店家发货过来的快递费都给扣下了，我很不满意这样的做法，凭什么我东西不满意还得扣运费～,0.0,2,True,正向文本标负向
4232,啥东西。。。。接汁的杯子跟图片不一样。。。这样的杯子咋过滤沫。。榨了杯子里是一堆沫。建议还是买美的吧。起码人家接汁的杯子好使。。。不满意。。。,0.0,1,True,正向文本标负向
4255,不满意，赠送的礼物不符。,0.0,1,True,正向文本标负向
4306,送货慢，以后除京东配送的不会再买,1.0,-1,True,负向文本标正向
4329,东西一般吧，质量也不怎么好，装的时候黑色的固定物就有损坏，用了一天，白色的门挡内的铁框就开焊了，想找人焊一下，又无法取出修复（除非是破坏性的），想退吧，装的时候，轴的油漆有掉的(这是无法避免的)，在好多的细节上需要改进,0.0,1,True,正向文本标负向
4330,生产厂家、商标规格以及使用电压什么都没有?京东竟然让这样的卖家进来&mdash;&mdash;真是?晕?（如果不给星可以评论就好了）,0.0,1,True,正向文本标负向
4336,膜正常贴好后，左上角无法贴合起翘！,0.0,1,True,正向文本标负向
4350,忽略标签！差差差差差差！本来想买了手机就顺便买个壳，这个价格我可以在t宝买两个了！特么根本不贴合好吗！一边装好了另一边是翘起来的！坑人的！而且自己写的标签不能用，只能用他们给的那些夸奖的，我真是醉了。。。,0.0,1,True,正向文本标负向
4351,不满意，漏了一个洞，希望给补偿，说给退货，可是我们这不方便,0.0,1,True,正向文本标负向
4353,看系好看就系用了手机信号差得好西利,0.0,1,True,正向文本标负向
4378,谁家的电脑开始不是进行系统初始化?我买的这台就是！！！！开机直接进入windows登陆，要求输入账号密码！！！东哥别只顾着谈恋爱，即使是退换货的机器拜托相关人员检查清楚好不？没有账号密码让我怎么用？,0.0,1,True,正向文本标负向
4394,不是棉的，东西很扎人，盖着不舒服，东西最多值*,0.0,1,True,正向文本标负向
4419,京东怎的了？头次是实物与图片不同，这次是包装损坏，好在碟片可以播放。希望改进，不要把京东这个名字毁了。建立一个好名声不易呀！,0.0,2,True,正向文本标负向
4422,很不满意，邮回来的和我订的不一样。,0.0,1,True,正向文本标负向
4432,差评，退货所有客服集体消失，不同意退货申请，打京东客服干预才同意退货，给的地址寄不到，给的电话不是本公司，完全消失耍赖，这样的售后能指望机器质量有多好？,0.0,1,True,正向文本标负向
4454,"10月12日下单, 不可否认物流很快.\n但是商品本身很大问题.\n1.用了两天, 包拉链处的硬材质条(应该是为了保证口部平整的)掉了.\n2.两侧的锁扣脱落,外圆太大了(我自己拿锤子给砸扁修)修了下.\n3.一侧挂五金锁扣的耳朵断掉了(我平时只背本书,钱包,雨伞之类的小东西).\n我一般情况下不拘小节的,但是这个现在背不了了,只能手提,坐地铁好不方便.\n所以很不爽,来发发牢骚,直接上图,大家看吧.",0.0,2,True,正向文本标负向
4456,鞋子和图片不一样？不是我想象的那么好？鞋子好像不是新的？手工也没有做好？,0.0,1,True,正向文本标负向
4462,很不好，整个脏兮兮的，好像用过一样，很不满意。,0.0,1,True,正向文本标负向
4469,美中不足、商标太假。换刺秀的多好呀,0.0,1,True,正向文本标负向
4512,不太满意剑鞘脱?了而且剑身有点弯,0.0,1,True,正向文本标负向
4535,东西收到了，但是面料没有图片上看上去好，还气球的，,0.0,1,True,正向文本标负向
4562,首先对包装很不满意，直接将胶带粘在剃须刀的盒子上，就不考虑我要送人怎么办。还有我买的那天是*买完后两天变成了*，直接*，还好给补了差价。然后我去*旗舰店看了一下才*，购物心情真是跌宕起伏,0.0,1,True,正向文本标负向
4568,真心不满意，按道理京东是特别快就能到货的，没想到三四天才能到货，第一次京东网购就受打击,0.0,1,True,正向文本标负向
4572,送的东西，还算比较实用,0.0,1,True,正向文本标负向
4582,我爱大连\n　　大连出版社将要编辑出版&ldquo;品读大连&rdquo;系列丛书，我非常赞成。作为一个土生土长的大连人和曾经参与过这个城市建设与发展的领导人之一，我对大连总是有一种偏爱，总是觉得这个城市所蕴涵的文化值得我们去认真挖掘。这套丛书动员十几位作者，分十几个专题对大连的文化现象进行挖掘和梳理，我认为这项工作十分有价值。\n　　大连是一座充满活力、现代感非常强、文化不断创新的城市，也是一座有着特殊历史和个性的城市。因此，如何在新的时期找出大连的文化定位，挖掘大连的文化内涵，突出大连的城市性格，使城市的根和魂能不断通过文化来体现，并最终提炼出大连的城市精神，既是城市的管理者、建设者所要关注的，也是所有文化工作者义不容辞的责任。另一方面，随着经济的飞速发展，中国的城市化进程不断加快，在这个过程中，我们也面临着&ldquo;千城一面&rdquo;的特色危机，很多城市面貌趋同，城市个性模糊。实际上，城市发展不仅仅是GDP的单纯增长，文化内涵的建设与发展也是一个重要方面，文化竞争力将决定城市未来的竞争力。\n　　因此，我觉得此次大连市委宣传部和大连出版社共同策划出版&ldquo;品读大连&rdquo;系列丛书，可谓正当其时。从多层面多角度挖掘、整理、总结、诠释大连的风物人情、文化脉络、人文价值，并以图书的形式把这些宝贵的非物质财富积累、沉淀下来，无论是对于大连这座年轻却饱经沧桑的城市来说，还是对于600万大连市民乃至我们的子孙后代来说，都是一件功在当代、利在千秋的好事情。当然，在宣传城市、促进交流、满足各界人士阅读需求、提升市民文化素养、锻造城市品牌力等方面，也都具有重要意义。作为一个大连人，我对这套丛书充满期待。\n　　与中国其他城市相比，大连建市时间较短，很多人以此认为她没有文化，甚至使用了&ldquo;文化沙漠&rdquo;这样的词汇来定义她，很多大连人往往也是一提到&ldquo;文化底蕴&rdquo;就没了自信。实际上，大连有自己独特的历史文化积淀，她缺的不是文化，而是发现的眼睛、挖掘的意识、提炼的行动。这正是我们应该做并且正在做的。\n　　最后，我想借用一句大连的流行语来表达我的心情：\n　　我爱大连，从未离开。\n　　这句话揭示了每一个热爱故乡的大连人内心深藏的情感。作为其中的一员，我愿怀着赤诚之心为她作出自己绵薄的贡献。我爱大连\n　　大连出版社将要编辑出版&ldquo;品读大连&rdquo;系列丛书，我非常赞成。作为一个土生土长的大连人和曾经参与过这个城市建设与发展的领导人之一，我对大连总是有一种偏爱，总是觉得这个城市所蕴涵的文化值得我们去认真挖掘。这套丛书动员十几位作者，分十几个专题对大连的文化现象进行挖掘和梳理，我认为这项工作十分有价值。\n　　大连是一座充满活力、现代感非常强、文化不断创新的城市，也是一座有着特殊历史和个性的城市。因此，如何在新的时期找出大连的文化定位，挖掘大连的文化内涵，突出大连的城市性格，使城市的根和魂能不断通过文化来体现，并最终提炼出大连的城市精神，既是城市的管理者、建设者所要关注的，也是所有文化工作者义不容辞的责任。另一方面，随着经济的飞速发展，中国的城市化进程不断加快，在这个过程中，我们也面临着&ldquo;千城一面&rdquo;的特色危机，很多城市面貌趋同，城市个性模糊。实际上，城市发展不仅仅是GDP的单纯增长，文化内涵的建设与发展也是一个重要方面，文化竞争力将决定城市未来的竞争力。\n　　因此，我觉得此次大连市委宣传部和大连出版社共同策划出版&ldquo;品读大连&rdquo;系列丛书，可谓正当其时。从多层面多角度挖掘、整理、总结、诠释大连的风物人情、文化脉络、人文价值，并以图书的形式把这些宝贵的非物质财富积累、沉淀下来，无论是对于大连这座年轻却饱经沧桑的城市来说，还是对于600万大连市民乃至我们的子孙后代来说，都是一件功在当代、利在千秋的好事情。当然，在宣传城市、促进交流、满足各界人士阅读需求、提升市民文化素养、锻造城市品牌力等方面，也都具有重要意义。作为一个大连人，我对这套丛书充满期待。\n　　与中国其他城市相比，大连建市时间较短，很多人以此认为她没有文化，甚至使用了&ldquo;文化沙漠&rdquo;这样的词汇来定义她，很多大连人往往也是一提到&ldquo;文化底蕴&rdquo;就没了自信。实际上，大连有自己独特的历史文化积淀，她缺的不是文化，而是发现的眼睛、挖掘的意识、提炼的行动。这正是我们应该做并且正在做的。\n　　最后，我想借用一句大连的流行语来表达我的心情：\n　　我爱大连，从未离开。\n　　这句话揭示了每一个热爱故乡的大连人内心深藏的情感。作为其中的一员，我愿怀着赤诚之心为她作出自己绵薄的贡献。,0.0,2,True,正向文本标负向
4584,衣服蛮好，码子偏小,0.0,1,True,正向文本标负向
4588,朋友送老婆的，偶是代购！话说发货等了好久，慢啊！,1.0,-1,True,负向文本标正向
4595,材料不错，用了几个月，是好东西,0.0,1,True,正向文本标负向
4597,明明要的白色  收到是黑色  物流还等了好几天  失败的网购,0.0,1,True,正向文本标负向
4611,东西不如想想中的好，物流太慢,0.0,1,True,正向文本标负向
4624,客服老是不回复。服务态度也不是很好，不是很满意,0.0,2,True,正向文本标负向
4629,还可以吧、还没有穿呢?看上去蛮好的,0.0,1,True,正向文本标负向
4638,实物和想像中有差别 不是太满意,0.0,1,True,正向文本标负向
4648,真的不是很好用。一会一会卡机 死机的。在阳光足的地方根本照不到什么  但都是勉强能用。 说邮寄过去修理再给我返货。里外里需要一周以上。 这个好评明显是有水分的！ 买家小心,0.0,1,True,正向文本标负向
4655,由于是直邮说不给退货，但出现了一些状况，主要是买回来六罐全部是胀气锡纸鼓鼓的，其实我不太满意，虽然客服解释说是温度或气压原因，但以前多次购买也没有买过胀气的奶粉，怀疑是质量有问题，但是也没办法，只能自认倒霉，还是大人吃吧，也不敢给孩子吃啊，现在奶粉质量问题想想都头痛。,0.0,1,True,正向文本标负向
4658,不知道怎么评价，只能说皮太硬了不好，单肩还可以，双肩背肩带会老掉，不怎么好的样子，两分是给款式的，因为真心喜欢这样的包包,0.0,1,True,正向文本标负向
4669,"送货速度不错,不过质量不是很好,味道大难闻.",0.0,1,True,正向文本标负向
4689,好是好，就是颜色上有点差别,0.0,2,True,正向文本标负向
4691,为什么0京豆，现在对京东越来越不满意。京豆嚒一定要1000整数，才能用。东西么还有假的。,0.0,1,True,正向文本标负向
4706,感觉一般，用完后很潮湿，没广告说的那么好，现在改用花王的了。效果比这好多了，最起码用完不潮湿，很干爽。,0.0,1,True,正向文本标负向
4728,不是很好，写的错别字也多,0.0,1,True,正向文本标负向
4732,不对称 不是很好,0.0,1,True,正向文本标负向
4749,商品不太符合上面所说的！好像是二手货来的！上面镜片全部都已刮花！不满意！！,0.0,1,True,正向文本标负向
4771,衣服样式很好。防辐射吗？不防，把手机包里好几层，信号杠杠强！没发现防辐射。。。。。。。。。,0.0,1,True,正向文本标负向
4818,书很好，送货人员态度很差，拒绝上楼，抱怨家人要求高，还要求我每件物品下一个订单，他好多拿提成，难道我不用多付运费吗？小城市还是减少京东购买次数吧。,0.0,1,True,正向文本标负向
4832,作为京东商城的客户，很不理解你们是怎么对待客户的反馈的。\n我的订单在5月底完成，6月初收到货物。当时发票未与货物同时发送，后来多次与京东客服打电话咨询发票事宜，我记得打电话的次数应该不低于五六次了，给我的结果如下；\n发票已经开好，马上就安排邮寄；\n发票已经邮寄；\n不好意思发票开错了，需要重新开；\n发票已经转给相关部门开具，到时会邮寄；\n............\n种种理由也算了，但将近两个月了，至今未收到发票。\n不知道京东作为这么大的企业，有没有相关的管理制度，又是如何去管理相关的部门的。\n我更想问一下，客户反馈的问题，京东是否能够认真对待？\n是不是每一次反馈对你们仅仅是耳旁风？\n,0.0,1,True,正向文本标负向
4834,唉，说来话长：买书，店家光盘未发，并且，只能退货，或者补5-7元差价，不能补发光盘，我承担运费都不补发。我是收到货后，没注意光盘，发现少了光盘后，联系店铺客服，的客服说：只能退货，换货，补差价，不能补发光盘。我告诉客服书已经用过了，然后客服就不理人了，连续2天不理人，直到我要求京东客服介入，要求京东客服介入后，大约2个小时，店铺客服主动打电话给我，叫我退货，并且运费有他们承担。这里要给京东客服一个&ldquo;赞&rdquo;。还有，我是2本书一起买了，但这本书是主要的。另一本是附带了，但是店铺客服，只退这一本，意思就是：我多花一个运费，买了一本无关紧要的书回来！所以，差评！,0.0,1,True,正向文本标负向
4838,"还行,就是价格有点贵",1.0,-1,True,负向文本标正向
4866,一点效果都没有，穿上也不舒服，以后不会再来了,0.0,1,True,正向文本标负向
4876,冰柜收到已近一个月，试机1天就发现，玻璃门关不严，漏好大的缝隙，漏缝处严重结霜，甚至第二天一早门都打开不了，我是门店用的，现在很不方便。多次提出退换货，商家迟迟不予解决，郁闷啊！,0.0,1,True,正向文本标负向
4892,都是一些很一般的设计，文字内容全无，及其不推荐。\n\n适合从没接触过vi的小朋友看个热闹或者叠飞机用,0.0,1,True,正向文本标负向
4915,美的东西挺好！具体省不省电还有待验证@客服态度爱答不理！尤其货运简直是恶劣！头天预约好送货！骗我一下午时间！！后来不接电话@第二天给我吧 那么重的热水器扔小区路中间跑了！简直是最不好的一次购物体验！京东第三方不是一般的差@本地的售后师傅安装不是很熟练！@估计是装的少@,0.0,1,True,正向文本标负向
4929,这次购物是我对京东最失望的一次，可能是以前都太好了！包装粗糙，像二手货似的！不过鉴于相信京东只卖正品的情况，还勉强可以接受，可内心已经划减分了！,1.0,-2,True,负向文本标正向
4958,衣服好像旧的，有许多折子，没有想像中那样好，总结看到衣服心情不舒服,0.0,2,True,正向文本标负向
4979,下单后第二天就显示发货了，其实因缺货还没法，到第三天催才发货，下单到拿到后已经是第七天的事情了，网购以来第一次这么久才收到后，物流太不给力了，客服的态度也不好。看起来不是很好的感觉。,0.0,1,True,正向文本标负向
5017,东西很好，但客服有欺骗行为，说好的用邮政，却给我用百世汇通，并且特慢，要跑到很远的地方去自提，总体来说，是一次很不好的购买经历！,0.0,1,True,正向文本标负向
5022,皮质看着不好粗糙，颜色不正说黄不黄说棕色不像，穿着有点感觉笨重！希望以后穿着质量还好！,1.0,-1,True,负向文本标正向
5026,刚买俩开包装发现一个钢化膜有裂痕！想退春节没快递一次很不满意的购物。手机框挺好就是钢化膜。。。,0.0,2,True,正向文本标负向
5028,不满意  做工太差了  不是怕麻烦我就退货了,0.0,1,True,正向文本标负向
